x,y,label
456,763,1
457,760,1
457,761,1
457,762,1
457,763,1
457,764,1
457,765,1
457,766,1
458,758,1
458,759,1
458,760,1
458,761,1
458,762,1
458,763,1
458,764,1
458,765,1
458,766,1
458,767,1
458,768,1
458,770,1
459,757,1
459,758,1
459,759,1
459,760,1
459,761,1
459,762,1
459,763,1
459,764,1
459,765,1
459,766,1
459,767,1
459,768,1
459,769,1
459,770,1
459,771,1
459,772,1
459,773,1
460,753,1
460,757,1
460,758,1
460,759,1
460,760,1
460,761,1
460,762,1
460,763,1
460,764,1
460,765,1
460,766,1
460,767,1
460,768,1
460,769,1
460,770,1
460,771,1
460,772,1
460,773,1
460,774,1
460,775,1
461,750,1
461,751,1
461,752,1
461,753,1
461,754,1
461,755,1
461,756,1
461,757,1
461,758,1
461,759,1
461,760,1
461,761,1
461,762,1
461,763,1
461,764,1
461,765,1
461,766,1
461,767,1
461,768,1
461,769,1
461,770,1
461,771,1
461,772,1
461,773,1
461,774,1
461,775,1
461,776,1
462,748,1
462,749,1
462,750,1
462,751,1
462,752,1
462,753,1
462,754,1
462,755,1
462,756,1
462,757,1
462,758,1
462,759,1
462,760,1
462,761,1
462,762,1
462,763,1
462,764,1
462,765,1
462,766,1
462,767,1
462,768,1
462,769,1
462,770,1
462,771,1
462,772,1
462,773,1
462,774,1
462,775,1
462,776,1
463,747,1
463,748,1
463,749,1
463,750,1
463,751,1
463,752,1
463,753,1
463,754,1
463,755,1
463,756,1
463,757,1
463,758,1
463,759,1
463,760,1
463,761,1
463,762,1
463,763,1
463,764,1
463,765,1
463,766,1
463,767,1
463,768,1
463,769,1
463,770,1
463,771,1
463,772,1
463,773,1
463,774,1
463,775,1
463,776,1
463,777,1
464,747,1
464,748,1
464,749,1
464,750,1
464,751,1
464,752,1
464,753,1
464,754,1
464,755,1
464,756,1
464,757,1
464,758,1
464,759,1
464,760,1
464,761,1
464,762,1
464,763,1
464,764,1
464,765,1
464,766,1
464,767,1
464,768,1
464,769,1
464,770,1
464,771,1
464,772,1
464,773,1
464,774,1
464,775,1
464,776,1
464,777,1
465,746,1
465,747,1
465,748,1
465,749,1
465,750,1
465,751,1
465,752,1
465,753,1
465,754,1
465,755,1
465,756,1
465,757,1
465,758,1
465,759,1
465,760,1
465,761,1
465,762,1
465,763,1
465,764,1
465,765,1
465,766,1
465,767,1
465,768,1
465,769,1
465,770,1
465,771,1
465,772,1
465,773,1
465,774,1
465,775,1
465,776,1
465,777,1
466,745,1
466,746,1
466,747,1
466,748,1
466,749,1
466,750,1
466,751,1
466,752,1
466,753,1
466,754,1
466,755,1
466,756,1
466,757,1
466,758,1
466,759,1
466,760,1
466,761,1
466,762,1
466,763,1
466,764,1
466,765,1
466,766,1
466,767,1
466,768,1
466,769,1
466,770,1
466,771,1
466,772,1
466,773,1
466,774,1
466,775,1
466,776,1
466,777,1
466,778,1
467,745,1
467,746,1
467,747,1
467,748,1
467,749,1
467,750,1
467,751,1
467,752,1
467,753,1
467,754,1
467,755,1
467,756,1
467,757,1
467,758,1
467,759,1
467,760,1
467,761,1
467,762,1
467,763,1
467,764,1
467,765,1
467,766,1
467,767,1
467,768,1
467,769,1
467,770,1
467,771,1
467,772,1
467,773,1
467,774,1
467,775,1
467,776,1
467,777,1
467,778,1
468,744,1
468,745,1
468,746,1
468,747,1
468,748,1
468,749,1
468,750,1
468,751,1
468,752,1
468,753,1
468,754,1
468,755,1
468,756,1
468,757,1
468,758,1
468,759,1
468,760,1
468,761,1
468,762,1
468,763,1
468,764,1
468,765,1
468,766,1
468,767,1
468,768,1
468,769,1
468,770,1
468,771,1
468,772,1
468,773,1
468,774,1
468,775,1
468,776,1
468,777,1
469,744,1
469,745,1
469,746,1
469,747,1
469,748,1
469,749,1
469,750,1
469,751,1
469,752,1
469,753,1
469,754,1
469,755,1
469,756,1
469,757,1
469,758,1
469,759,1
469,760,1
469,761,1
469,762,1
469,763,1
469,764,1
469,765,1
469,766,1
469,767,1
469,768,1
469,769,1
469,770,1
469,771,1
469,772,1
469,773,1
469,774,1
469,775,1
469,776,1
469,777,1
470,744,1
470,745,1
470,746,1
470,747,1
470,748,1
470,749,1
470,750,1
470,751,1
470,752,1
470,753,1
470,754,1
470,755,1
470,756,1
470,757,1
470,758,1
470,759,1
470,760,1
470,761,1
470,762,1
470,763,1
470,764,1
470,765,1
470,766,1
470,767,1
470,768,1
470,769,1
470,770,1
470,771,1
470,772,1
470,773,1
470,774,1
470,775,1
470,776,1
470,777,1
471,743,1
471,744,1
471,745,1
471,746,1
471,747,1
471,748,1
471,749,1
471,750,1
471,751,1
471,752,1
471,753,1
471,754,1
471,755,1
471,756,1
471,757,1
471,758,1
471,759,1
471,760,1
471,761,1
471,762,1
471,763,1
471,764,1
471,765,1
471,766,1
471,767,1
471,768,1
471,769,1
471,770,1
471,771,1
471,772,1
471,773,1
471,774,1
471,775,1
471,776,1
472,743,1
472,744,1
472,745,1
472,746,1
472,747,1
472,748,1
472,749,1
472,750,1
472,751,1
472,752,1
472,753,1
472,754,1
472,755,1
472,756,1
472,757,1
472,758,1
472,759,1
472,760,1
472,761,1
472,762,1
472,763,1
472,764,1
472,765,1
472,766,1
472,767,1
472,768,1
472,769,1
472,770,1
472,771,1
472,772,1
472,773,1
472,774,1
472,775,1
472,776,1
473,742,1
473,743,1
473,744,1
473,745,1
473,746,1
473,747,1
473,748,1
473,749,1
473,750,1
473,751,1
473,752,1
473,753,1
473,754,1
473,755,1
473,756,1
473,757,1
473,758,1
473,759,1
473,760,1
473,761,1
473,762,1
473,763,1
473,764,1
473,765,1
473,766,1
473,767,1
473,768,1
473,769,1
473,770,1
473,771,1
473,772,1
473,773,1
473,774,1
473,775,1
474,742,1
474,743,1
474,744,1
474,745,1
474,746,1
474,747,1
474,748,1
474,749,1
474,750,1
474,751,1
474,752,1
474,753,1
474,754,1
474,755,1
474,756,1
474,757,1
474,758,1
474,759,1
474,760,1
474,761,1
474,762,1
474,763,1
474,764,1
474,765,1
474,766,1
474,767,1
474,768,1
474,769,1
474,770,1
474,771,1
474,772,1
474,773,1
474,774,1
474,775,1
475,741,1
475,742,1
475,743,1
475,744,1
475,745,1
475,746,1
475,747,1
475,748,1
475,749,1
475,750,1
475,751,1
475,752,1
475,753,1
475,754,1
475,755,1
475,756,1
475,757,1
475,758,1
475,759,1
475,760,1
475,761,1
475,762,1
475,763,1
475,764,1
475,765,1
475,766,1
475,767,1
475,768,1
475,769,1
475,770,1
475,771,1
475,772,1
475,773,1
475,774,1
475,775,1
475,776,1
476,740,1
476,741,1
476,742,1
476,743,1
476,744,1
476,745,1
476,746,1
476,747,1
476,748,1
476,749,1
476,750,1
476,751,1
476,752,1
476,753,1
476,754,1
476,755,1
476,756,1
476,757,1
476,758,1
476,759,1
476,760,1
476,761,1
476,762,1
476,763,1
476,764,1
476,765,1
476,766,1
476,767,1
476,768,1
476,769,1
476,770,1
476,771,1
476,772,1
476,773,1
476,774,1
476,775,1
477,740,1
477,741,1
477,742,1
477,743,1
477,744,1
477,745,1
477,746,1
477,747,1
477,748,1
477,749,1
477,750,1
477,751,1
477,752,1
477,753,1
477,754,1
477,755,1
477,756,1
477,757,1
477,758,1
477,759,1
477,760,1
477,761,1
477,762,1
477,763,1
477,764,1
477,765,1
477,766,1
477,767,1
477,768,1
477,769,1
477,770,1
477,771,1
477,772,1
477,773,1
477,774,1
477,775,1
478,739,1
478,740,1
478,741,1
478,742,1
478,743,1
478,744,1
478,745,1
478,746,1
478,747,1
478,748,1
478,749,1
478,750,1
478,751,1
478,752,1
478,753,1
478,754,1
478,755,1
478,756,1
478,757,1
478,758,1
478,759,1
478,760,1
478,761,1
478,762,1
478,763,1
478,764,1
478,765,1
478,766,1
478,767,1
478,768,1
478,769,1
478,770,1
478,771,1
478,772,1
478,773,1
478,774,1
478,775,1
479,739,1
479,740,1
479,741,1
479,742,1
479,743,1
479,744,1
479,745,1
479,746,1
479,747,1
479,748,1
479,749,1
479,750,1
479,751,1
479,752,1
479,753,1
479,754,1
479,755,1
479,756,1
479,757,1
479,758,1
479,759,1
479,760,1
479,761,1
479,762,1
479,763,1
479,764,1
479,765,1
479,766,1
479,767,1
479,768,1
479,769,1
479,770,1
479,771,1
479,772,1
479,773,1
479,774,1
480,738,1
480,739,1
480,740,1
480,741,1
480,742,1
480,743,1
480,744,1
480,745,1
480,746,1
480,747,1
480,748,1
480,749,1
480,750,1
480,751,1
480,752,1
480,753,1
480,754,1
480,755,1
480,756,1
480,757,1
480,758,1
480,759,1
480,760,1
480,761,1
480,762,1
480,763,1
480,764,1
480,765,1
480,766,1
480,767,1
480,768,1
480,769,1
480,770,1
480,771,1
480,772,1
480,773,1
480,774,1
481,738,1
481,739,1
481,740,1
481,741,1
481,742,1
481,743,1
481,744,1
481,745,1
481,746,1
481,747,1
481,748,1
481,749,1
481,750,1
481,751,1
481,752,1
481,753,1
481,754,1
481,755,1
481,756,1
481,757,1
481,758,1
481,759,1
481,760,1
481,761,1
481,762,1
481,763,1
481,764,1
481,765,1
481,766,1
481,767,1
481,768,1
481,769,1
481,770,1
481,771,1
481,772,1
481,773,1
482,737,1
482,738,1
482,739,1
482,740,1
482,741,1
482,742,1
482,743,1
482,744,1
482,745,1
482,746,1
482,747,1
482,748,1
482,749,1
482,750,1
482,751,1
482,752,1
482,753,1
482,754,1
482,755,1
482,756,1
482,757,1
482,758,1
482,759,1
482,760,1
482,761,1
482,762,1
482,763,1
482,764,1
482,765,1
482,766,1
482,767,1
482,768,1
482,769,1
482,770,1
482,771,1
482,772,1
483,737,1
483,738,1
483,739,1
483,740,1
483,741,1
483,742,1
483,743,1
483,744,1
483,745,1
483,746,1
483,747,1
483,748,1
483,749,1
483,750,1
483,751,1
483,752,1
483,753,1
483,754,1
483,755,1
483,756,1
483,757,1
483,758,1
483,759,1
483,760,1
483,761,1
483,762,1
483,763,1
483,764,1
483,765,1
483,766,1
483,767,1
483,768,1
483,769,1
483,770,1
483,771,1
483,772,1
484,737,1
484,738,1
484,739,1
484,740,1
484,741,1
484,742,1
484,743,1
484,744,1
484,745,1
484,746,1
484,747,1
484,748,1
484,749,1
484,750,1
484,751,1
484,752,1
484,753,1
484,754,1
484,755,1
484,756,1
484,757,1
484,758,1
484,759,1
484,760,1
484,761,1
484,762,1
484,763,1
484,764,1
484,765,1
484,766,1
484,767,1
484,768,1
484,769,1
484,770,1
484,771,1
485,736,1
485,737,1
485,738,1
485,739,1
485,740,1
485,741,1
485,742,1
485,743,1
485,744,1
485,745,1
485,746,1
485,747,1
485,748,1
485,749,1
485,750,1
485,751,1
485,752,1
485,753,1
485,754,1
485,755,1
485,756,1
485,757,1
485,758,1
485,759,1
485,760,1
485,761,1
485,762,1
485,763,1
485,764,1
485,765,1
485,766,1
485,767,1
485,768,1
485,769,1
486,736,1
486,737,1
486,738,1
486,739,1
486,740,1
486,741,1
486,742,1
486,743,1
486,744,1
486,745,1
486,746,1
486,747,1
486,748,1
486,749,1
486,750,1
486,751,1
486,752,1
486,753,1
486,754,1
486,755,1
486,756,1
486,757,1
486,758,1
486,759,1
486,760,1
486,761,1
486,762,1
486,763,1
486,764,1
486,765,1
486,766,1
486,767,1
486,768,1
486,769,1
487,736,1
487,737,1
487,738,1
487,739,1
487,740,1
487,741,1
487,742,1
487,743,1
487,744,1
487,745,1
487,746,1
487,747,1
487,748,1
487,749,1
487,750,1
487,751,1
487,752,1
487,753,1
487,754,1
487,755,1
487,756,1
487,757,1
487,758,1
487,759,1
487,760,1
487,761,1
487,762,1
487,763,1
487,764,1
487,765,1
487,766,1
487,767,1
487,768,1
487,769,1
487,770,1
488,735,1
488,736,1
488,737,1
488,738,1
488,739,1
488,740,1
488,741,1
488,742,1
488,743,1
488,744,1
488,745,1
488,746,1
488,747,1
488,748,1
488,749,1
488,750,1
488,751,1
488,752,1
488,753,1
488,754,1
488,755,1
488,756,1
488,757,1
488,758,1
488,759,1
488,760,1
488,761,1
488,762,1
488,763,1
488,764,1
488,765,1
488,766,1
488,767,1
488,768,1
488,769,1
489,735,1
489,736,1
489,737,1
489,738,1
489,739,1
489,740,1
489,741,1
489,742,1
489,743,1
489,744,1
489,745,1
489,746,1
489,747,1
489,748,1
489,749,1
489,750,1
489,751,1
489,752,1
489,753,1
489,754,1
489,755,1
489,756,1
489,757,1
489,758,1
489,759,1
489,760,1
489,761,1
489,762,1
489,763,1
489,764,1
489,765,1
489,766,1
489,767,1
489,768,1
489,769,1
490,734,1
490,735,1
490,736,1
490,737,1
490,738,1
490,739,1
490,740,1
490,741,1
490,742,1
490,743,1
490,744,1
490,745,1
490,746,1
490,747,1
490,748,1
490,749,1
490,750,1
490,751,1
490,752,1
490,753,1
490,754,1
490,755,1
490,756,1
490,757,1
490,758,1
490,759,1
490,760,1
490,761,1
490,762,1
490,763,1
490,764,1
490,765,1
490,766,1
490,767,1
490,768,1
490,769,1
491,734,1
491,735,1
491,736,1
491,737,1
491,738,1
491,739,1
491,740,1
491,741,1
491,742,1
491,743,1
491,744,1
491,745,1
491,746,1
491,747,1
491,748,1
491,749,1
491,750,1
491,751,1
491,752,1
491,753,1
491,754,1
491,755,1
491,756,1
491,757,1
491,758,1
491,759,1
491,760,1
491,761,1
491,762,1
491,763,1
491,764,1
491,765,1
491,766,1
491,767,1
491,768,1
492,733,1
492,734,1
492,735,1
492,736,1
492,737,1
492,738,1
492,739,1
492,740,1
492,741,1
492,742,1
492,743,1
492,744,1
492,745,1
492,746,1
492,747,1
492,748,1
492,749,1
492,750,1
492,751,1
492,752,1
492,753,1
492,754,1
492,755,1
492,756,1
492,757,1
492,758,1
492,759,1
492,760,1
492,761,1
492,762,1
492,763,1
492,764,1
492,765,1
492,766,1
492,767,1
492,768,1
493,733,1
493,734,1
493,735,1
493,736,1
493,737,1
493,738,1
493,739,1
493,740,1
493,741,1
493,742,1
493,743,1
493,744,1
493,745,1
493,746,1
493,747,1
493,748,1
493,749,1
493,750,1
493,751,1
493,752,1
493,753,1
493,754,1
493,755,1
493,756,1
493,757,1
493,758,1
493,759,1
493,760,1
493,761,1
493,762,1
493,763,1
493,764,1
493,765,1
493,766,1
493,767,1
494,733,1
494,734,1
494,735,1
494,736,1
494,737,1
494,738,1
494,739,1
494,740,1
494,741,1
494,742,1
494,743,1
494,744,1
494,745,1
494,746,1
494,747,1
494,748,1
494,749,1
494,750,1
494,751,1
494,752,1
494,753,1
494,754,1
494,755,1
494,756,1
494,757,1
494,758,1
494,759,1
494,760,1
494,761,1
494,762,1
494,763,1
494,764,1
494,765,1
494,766,1
495,732,1
495,733,1
495,734,1
495,735,1
495,736,1
495,737,1
495,738,1
495,739,1
495,740,1
495,741,1
495,742,1
495,743,1
495,744,1
495,745,1
495,746,1
495,747,1
495,748,1
495,749,1
495,750,1
495,751,1
495,752,1
495,753,1
495,754,1
495,755,1
495,756,1
495,757,1
495,758,1
495,759,1
495,760,1
495,761,1
495,762,1
495,763,1
495,764,1
495,765,1
496,732,1
496,733,1
496,734,1
496,735,1
496,736,1
496,737,1
496,738,1
496,739,1
496,740,1
496,741,1
496,742,1
496,743,1
496,744,1
496,745,1
496,746,1
496,747,1
496,748,1
496,749,1
496,750,1
496,751,1
496,752,1
496,753,1
496,754,1
496,755,1
496,756,1
496,757,1
496,758,1
496,759,1
496,760,1
496,761,1
496,762,1
496,763,1
497,732,1
497,733,1
497,734,1
497,735,1
497,736,1
497,737,1
497,738,1
497,739,1
497,740,1
497,741,1
497,742,1
497,743,1
497,744,1
497,745,1
497,746,1
497,747,1
497,748,1
497,749,1
497,750,1
497,751,1
497,752,1
497,753,1
497,754,1
497,755,1
497,756,1
497,757,1
497,758,1
497,759,1
497,760,1
497,761,1
497,762,1
497,763,1
498,731,1
498,732,1
498,733,1
498,734,1
498,735,1
498,736,1
498,737,1
498,738,1
498,739,1
498,740,1
498,741,1
498,742,1
498,743,1
498,744,1
498,745,1
498,746,1
498,747,1
498,748,1
498,749,1
498,750,1
498,751,1
498,752,1
498,753,1
498,754,1
498,755,1
498,756,1
498,757,1
498,758,1
498,759,1
498,760,1
498,761,1
498,762,1
498,763,1
499,731,1
499,732,1
499,733,1
499,734,1
499,735,1
499,736,1
499,737,1
499,738,1
499,739,1
499,740,1
499,741,1
499,742,1
499,743,1
499,744,1
499,745,1
499,746,1
499,747,1
499,748,1
499,749,1
499,750,1
499,751,1
499,752,1
499,753,1
499,754,1
499,755,1
499,756,1
499,757,1
499,758,1
499,759,1
499,760,1
499,761,1
499,762,1
500,730,1
500,731,1
500,732,1
500,733,1
500,734,1
500,735,1
500,736,1
500,737,1
500,738,1
500,739,1
500,740,1
500,741,1
500,742,1
500,743,1
500,744,1
500,745,1
500,746,1
500,747,1
500,748,1
500,749,1
500,750,1
500,751,1
500,752,1
500,753,1
500,754,1
500,755,1
500,756,1
500,757,1
500,758,1
500,759,1
500,760,1
500,761,1
500,762,1
501,730,1
501,731,1
501,732,1
501,733,1
501,734,1
501,735,1
501,736,1
501,737,1
501,738,1
501,739,1
501,740,1
501,741,1
501,742,1
501,743,1
501,744,1
501,745,1
501,746,1
501,747,1
501,748,1
501,749,1
501,750,1
501,751,1
501,752,1
501,753,1
501,754,1
501,755,1
501,756,1
501,757,1
501,758,1
501,759,1
501,760,1
501,761,1
501,762,1
502,729,1
502,730,1
502,731,1
502,732,1
502,733,1
502,734,1
502,735,1
502,736,1
502,737,1
502,738,1
502,739,1
502,740,1
502,741,1
502,742,1
502,743,1
502,744,1
502,745,1
502,746,1
502,747,1
502,748,1
502,749,1
502,750,1
502,751,1
502,752,1
502,753,1
502,754,1
502,755,1
502,756,1
502,757,1
502,758,1
502,759,1
502,760,1
502,761,1
502,762,1
503,729,1
503,730,1
503,731,1
503,732,1
503,733,1
503,734,1
503,735,1
503,736,1
503,737,1
503,738,1
503,739,1
503,740,1
503,741,1
503,742,1
503,743,1
503,744,1
503,745,1
503,746,1
503,747,1
503,748,1
503,749,1
503,750,1
503,751,1
503,752,1
503,753,1
503,754,1
503,755,1
503,756,1
503,757,1
503,758,1
503,759,1
503,760,1
503,761,1
503,762,1
504,728,1
504,729,1
504,730,1
504,731,1
504,732,1
504,733,1
504,734,1
504,735,1
504,736,1
504,737,1
504,738,1
504,739,1
504,740,1
504,741,1
504,742,1
504,743,1
504,744,1
504,745,1
504,746,1
504,747,1
504,748,1
504,749,1
504,750,1
504,751,1
504,752,1
504,753,1
504,754,1
504,755,1
504,756,1
504,757,1
504,758,1
504,759,1
504,760,1
504,761,1
504,762,1
504,763,1
505,727,1
505,728,1
505,729,1
505,730,1
505,731,1
505,732,1
505,733,1
505,734,1
505,735,1
505,736,1
505,737,1
505,738,1
505,739,1
505,740,1
505,741,1
505,742,1
505,743,1
505,744,1
505,745,1
505,746,1
505,747,1
505,748,1
505,749,1
505,750,1
505,751,1
505,752,1
505,753,1
505,754,1
505,755,1
505,756,1
505,757,1
505,758,1
505,759,1
505,760,1
505,761,1
505,762,1
506,726,1
506,727,1
506,728,1
506,729,1
506,730,1
506,731,1
506,732,1
506,733,1
506,734,1
506,735,1
506,736,1
506,737,1
506,738,1
506,739,1
506,740,1
506,741,1
506,742,1
506,743,1
506,744,1
506,745,1
506,746,1
506,747,1
506,748,1
506,749,1
506,750,1
506,751,1
506,752,1
506,753,1
506,754,1
506,755,1
506,756,1
506,757,1
506,758,1
506,759,1
506,760,1
506,761,1
506,762,1
507,726,1
507,727,1
507,728,1
507,729,1
507,730,1
507,731,1
507,732,1
507,733,1
507,734,1
507,735,1
507,736,1
507,737,1
507,738,1
507,739,1
507,740,1
507,741,1
507,742,1
507,743,1
507,744,1
507,745,1
507,746,1
507,747,1
507,748,1
507,749,1
507,750,1
507,751,1
507,752,1
507,753,1
507,754,1
507,755,1
507,756,1
507,757,1
507,758,1
507,759,1
507,760,1
507,761,1
507,762,1
508,725,1
508,726,1
508,727,1
508,728,1
508,729,1
508,730,1
508,731,1
508,732,1
508,733,1
508,734,1
508,735,1
508,736,1
508,737,1
508,738,1
508,739,1
508,740,1
508,741,1
508,742,1
508,743,1
508,744,1
508,745,1
508,746,1
508,747,1
508,748,1
508,749,1
508,750,1
508,751,1
508,752,1
508,753,1
508,754,1
508,755,1
508,756,1
508,757,1
508,758,1
508,759,1
508,760,1
508,761,1
509,725,1
509,726,1
509,727,1
509,728,1
509,729,1
509,730,1
509,731,1
509,732,1
509,733,1
509,734,1
509,735,1
509,736,1
509,737,1
509,738,1
509,739,1
509,740,1
509,741,1
509,742,1
509,743,1
509,744,1
509,745,1
509,746,1
509,747,1
509,748,1
509,749,1
509,750,1
509,751,1
509,752,1
509,753,1
509,754,1
509,755,1
509,756,1
509,757,1
509,758,1
509,759,1
509,760,1
509,761,1
510,724,1
510,725,1
510,726,1
510,727,1
510,728,1
510,729,1
510,730,1
510,731,1
510,732,1
510,733,1
510,734,1
510,735,1
510,736,1
510,737,1
510,738,1
510,739,1
510,740,1
510,741,1
510,742,1
510,743,1
510,744,1
510,745,1
510,746,1
510,747,1
510,748,1
510,749,1
510,750,1
510,751,1
510,752,1
510,753,1
510,754,1
510,755,1
510,756,1
510,757,1
510,758,1
510,759,1
510,760,1
511,723,1
511,724,1
511,725,1
511,726,1
511,727,1
511,728,1
511,729,1
511,730,1
511,731,1
511,732,1
511,733,1
511,734,1
511,735,1
511,736,1
511,737,1
511,738,1
511,739,1
511,740,1
511,741,1
511,742,1
511,743,1
511,744,1
511,745,1
511,746,1
511,747,1
511,748,1
511,749,1
511,750,1
511,751,1
511,752,1
511,753,1
511,754,1
511,755,1
511,756,1
511,757,1
511,758,1
512,722,1
512,723,1
512,724,1
512,725,1
512,726,1
512,727,1
512,728,1
512,729,1
512,730,1
512,731,1
512,732,1
512,733,1
512,734,1
512,735,1
512,736,1
512,737,1
512,738,1
512,739,1
512,740,1
512,741,1
512,742,1
512,743,1
512,744,1
512,745,1
512,746,1
512,747,1
512,748,1
512,749,1
512,750,1
512,751,1
512,752,1
512,753,1
512,754,1
512,755,1
512,756,1
512,757,1
513,722,1
513,723,1
513,724,1
513,725,1
513,726,1
513,727,1
513,728,1
513,729,1
513,730,1
513,731,1
513,732,1
513,733,1
513,734,1
513,735,1
513,736,1
513,737,1
513,738,1
513,739,1
513,740,1
513,741,1
513,742,1
513,743,1
513,744,1
513,745,1
513,746,1
513,747,1
513,748,1
513,749,1
513,750,1
513,751,1
513,752,1
513,753,1
513,754,1
513,755,1
513,756,1
513,757,1
513,758,1
514,721,1
514,722,1
514,723,1
514,724,1
514,725,1
514,726,1
514,727,1
514,728,1
514,729,1
514,730,1
514,731,1
514,732,1
514,733,1
514,734,1
514,735,1
514,736,1
514,737,1
514,738,1
514,739,1
514,740,1
514,741,1
514,742,1
514,743,1
514,744,1
514,745,1
514,746,1
514,747,1
514,748,1
514,749,1
514,750,1
514,751,1
514,752,1
514,753,1
514,754,1
514,755,1
514,756,1
514,757,1
514,758,1
515,721,1
515,722,1
515,723,1
515,724,1
515,725,1
515,726,1
515,727,1
515,728,1
515,729,1
515,730,1
515,731,1
515,732,1
515,733,1
515,734,1
515,735,1
515,736,1
515,737,1
515,738,1
515,739,1
515,740,1
515,741,1
515,742,1
515,743,1
515,744,1
515,745,1
515,746,1
515,747,1
515,748,1
515,749,1
515,750,1
515,751,1
515,752,1
515,753,1
515,754,1
515,755,1
515,756,1
515,757,1
515,758,1
516,720,1
516,721,1
516,722,1
516,723,1
516,724,1
516,725,1
516,726,1
516,727,1
516,728,1
516,729,1
516,730,1
516,731,1
516,732,1
516,733,1
516,734,1
516,735,1
516,736,1
516,737,1
516,738,1
516,739,1
516,740,1
516,741,1
516,742,1
516,743,1
516,744,1
516,745,1
516,746,1
516,747,1
516,748,1
516,749,1
516,750,1
516,751,1
516,752,1
516,753,1
516,754,1
516,755,1
516,756,1
516,757,1
516,758,1
516,759,1
517,719,1
517,720,1
517,721,1
517,722,1
517,723,1
517,724,1
517,725,1
517,726,1
517,727,1
517,728,1
517,729,1
517,730,1
517,731,1
517,732,1
517,733,1
517,734,1
517,735,1
517,736,1
517,737,1
517,738,1
517,739,1
517,740,1
517,741,1
517,742,1
517,743,1
517,744,1
517,745,1
517,746,1
517,747,1
517,748,1
517,749,1
517,750,1
517,751,1
517,752,1
517,753,1
517,754,1
517,755,1
517,756,1
517,757,1
517,758,1
518,718,1
518,719,1
518,720,1
518,721,1
518,722,1
518,723,1
518,724,1
518,725,1
518,726,1
518,727,1
518,728,1
518,729,1
518,730,1
518,731,1
518,732,1
518,733,1
518,734,1
518,735,1
518,736,1
518,737,1
518,738,1
518,739,1
518,740,1
518,741,1
518,742,1
518,743,1
518,744,1
518,745,1
518,746,1
518,747,1
518,748,1
518,749,1
518,750,1
518,751,1
518,752,1
518,753,1
518,754,1
518,755,1
518,756,1
518,757,1
518,758,1
519,717,1
519,718,1
519,719,1
519,720,1
519,721,1
519,722,1
519,723,1
519,724,1
519,725,1
519,726,1
519,727,1
519,728,1
519,729,1
519,730,1
519,731,1
519,732,1
519,733,1
519,734,1
519,735,1
519,736,1
519,737,1
519,738,1
519,739,1
519,740,1
519,741,1
519,742,1
519,743,1
519,744,1
519,745,1
519,746,1
519,747,1
519,748,1
519,749,1
519,750,1
519,751,1
519,752,1
519,753,1
519,754,1
519,755,1
519,756,1
519,757,1
519,758,1
520,717,1
520,718,1
520,719,1
520,720,1
520,721,1
520,722,1
520,723,1
520,724,1
520,725,1
520,726,1
520,727,1
520,728,1
520,729,1
520,730,1
520,731,1
520,732,1
520,733,1
520,734,1
520,735,1
520,736,1
520,737,1
520,738,1
520,739,1
520,740,1
520,741,1
520,742,1
520,743,1
520,744,1
520,745,1
520,746,1
520,747,1
520,748,1
520,749,1
520,750,1
520,751,1
520,752,1
520,753,1
520,754,1
520,755,1
520,756,1
520,757,1
521,716,1
521,717,1
521,718,1
521,719,1
521,720,1
521,721,1
521,722,1
521,723,1
521,724,1
521,725,1
521,726,1
521,727,1
521,728,1
521,729,1
521,730,1
521,731,1
521,732,1
521,733,1
521,734,1
521,735,1
521,736,1
521,737,1
521,738,1
521,739,1
521,740,1
521,741,1
521,742,1
521,743,1
521,744,1
521,745,1
521,746,1
521,747,1
521,748,1
521,749,1
521,750,1
521,751,1
521,752,1
521,753,1
521,754,1
521,755,1
521,756,1
521,757,1
522,716,1
522,717,1
522,718,1
522,719,1
522,720,1
522,721,1
522,722,1
522,723,1
522,724,1
522,725,1
522,726,1
522,727,1
522,728,1
522,729,1
522,730,1
522,731,1
522,732,1
522,733,1
522,734,1
522,735,1
522,736,1
522,737,1
522,738,1
522,739,1
522,740,1
522,741,1
522,742,1
522,743,1
522,744,1
522,745,1
522,746,1
522,747,1
522,748,1
522,749,1
522,750,1
522,751,1
522,752,1
522,753,1
522,754,1
522,755,1
522,756,1
523,715,1
523,716,1
523,717,1
523,718,1
523,719,1
523,720,1
523,721,1
523,722,1
523,723,1
523,724,1
523,725,1
523,726,1
523,727,1
523,728,1
523,729,1
523,730,1
523,731,1
523,732,1
523,733,1
523,734,1
523,735,1
523,736,1
523,737,1
523,738,1
523,739,1
523,740,1
523,741,1
523,742,1
523,743,1
523,744,1
523,745,1
523,746,1
523,747,1
523,748,1
523,749,1
523,750,1
523,751,1
523,752,1
523,753,1
523,754,1
524,715,1
524,716,1
524,717,1
524,718,1
524,719,1
524,720,1
524,721,1
524,722,1
524,723,1
524,724,1
524,725,1
524,726,1
524,727,1
524,728,1
524,729,1
524,730,1
524,731,1
524,732,1
524,733,1
524,734,1
524,735,1
524,736,1
524,737,1
524,738,1
524,739,1
524,740,1
524,741,1
524,742,1
524,743,1
524,744,1
524,745,1
524,746,1
524,747,1
524,748,1
524,749,1
524,750,1
524,751,1
524,752,1
524,753,1
524,754,1
525,715,1
525,716,1
525,717,1
525,718,1
525,719,1
525,720,1
525,721,1
525,722,1
525,723,1
525,724,1
525,725,1
525,726,1
525,727,1
525,728,1
525,729,1
525,730,1
525,731,1
525,732,1
525,733,1
525,734,1
525,735,1
525,736,1
525,737,1
525,738,1
525,739,1
525,740,1
525,741,1
525,742,1
525,743,1
525,744,1
525,745,1
525,746,1
525,747,1
525,748,1
525,749,1
525,750,1
525,751,1
525,752,1
525,753,1
525,754,1
526,714,1
526,715,1
526,716,1
526,717,1
526,718,1
526,719,1
526,720,1
526,721,1
526,722,1
526,723,1
526,724,1
526,725,1
526,726,1
526,727,1
526,728,1
526,729,1
526,730,1
526,731,1
526,732,1
526,733,1
526,734,1
526,735,1
526,736,1
526,737,1
526,738,1
526,739,1
526,740,1
526,741,1
526,742,1
526,743,1
526,744,1
526,745,1
526,746,1
526,747,1
526,748,1
526,749,1
526,750,1
526,751,1
526,752,1
526,753,1
527,715,1
527,716,1
527,717,1
527,718,1
527,719,1
527,720,1
527,721,1
527,722,1
527,723,1
527,724,1
527,725,1
527,726,1
527,727,1
527,728,1
527,729,1
527,730,1
527,731,1
527,732,1
527,733,1
527,734,1
527,735,1
527,736,1
527,737,1
527,738,1
527,739,1
527,740,1
527,741,1
527,742,1
527,743,1
527,744,1
527,745,1
527,746,1
527,747,1
527,748,1
527,749,1
527,750,1
527,751,1
527,752,1
527,753,1
528,714,1
528,715,1
528,716,1
528,717,1
528,718,1
528,719,1
528,720,1
528,721,1
528,722,1
528,723,1
528,724,1
528,725,1
528,726,1
528,727,1
528,728,1
528,729,1
528,730,1
528,731,1
528,732,1
528,733,1
528,734,1
528,735,1
528,736,1
528,737,1
528,738,1
528,739,1
528,740,1
528,741,1
528,742,1
528,743,1
528,744,1
528,745,1
528,746,1
528,747,1
528,748,1
528,749,1
528,750,1
528,751,1
528,752,1
529,714,1
529,715,1
529,716,1
529,717,1
529,718,1
529,719,1
529,720,1
529,721,1
529,722,1
529,723,1
529,724,1
529,725,1
529,726,1
529,727,1
529,728,1
529,729,1
529,730,1
529,731,1
529,732,1
529,733,1
529,734,1
529,735,1
529,736,1
529,737,1
529,738,1
529,739,1
529,740,1
529,741,1
529,742,1
529,743,1
529,744,1
529,745,1
529,746,1
529,747,1
529,748,1
529,749,1
529,750,1
529,751,1
530,715,1
530,716,1
530,717,1
530,718,1
530,719,1
530,720,1
530,721,1
530,722,1
530,723,1
530,724,1
530,725,1
530,726,1
530,727,1
530,728,1
530,729,1
530,730,1
530,731,1
530,732,1
530,733,1
530,734,1
530,735,1
530,736,1
530,737,1
530,738,1
530,739,1
530,740,1
530,741,1
530,742,1
530,743,1
530,744,1
530,745,1
530,746,1
530,747,1
530,748,1
530,749,1
530,750,1
530,751,1
531,715,1
531,716,1
531,717,1
531,718,1
531,719,1
531,720,1
531,721,1
531,722,1
531,723,1
531,724,1
531,725,1
531,726,1
531,727,1
531,728,1
531,729,1
531,730,1
531,731,1
531,732,1
531,733,1
531,734,1
531,735,1
531,736,1
531,737,1
531,738,1
531,739,1
531,740,1
531,741,1
531,742,1
531,743,1
531,744,1
531,745,1
531,746,1
531,747,1
531,748,1
531,749,1
531,750,1
532,715,1
532,716,1
532,717,1
532,718,1
532,719,1
532,720,1
532,721,1
532,722,1
532,723,1
532,724,1
532,725,1
532,726,1
532,727,1
532,728,1
532,729,1
532,730,1
532,731,1
532,732,1
532,733,1
532,734,1
532,735,1
532,736,1
532,737,1
532,738,1
532,739,1
532,740,1
532,741,1
532,742,1
532,743,1
532,744,1
532,745,1
532,746,1
532,747,1
532,748,1
532,749,1
533,716,1
533,717,1
533,718,1
533,719,1
533,720,1
533,721,1
533,722,1
533,723,1
533,724,1
533,725,1
533,726,1
533,727,1
533,728,1
533,729,1
533,730,1
533,731,1
533,732,1
533,733,1
533,734,1
533,735,1
533,736,1
533,737,1
533,738,1
533,739,1
533,740,1
533,741,1
533,742,1
533,743,1
533,744,1
533,745,1
533,746,1
533,747,1
533,748,1
533,749,1
534,716,1
534,717,1
534,718,1
534,719,1
534,720,1
534,721,1
534,722,1
534,723,1
534,724,1
534,725,1
534,726,1
534,727,1
534,728,1
534,729,1
534,730,1
534,731,1
534,732,1
534,733,1
534,734,1
534,735,1
534,736,1
534,737,1
534,738,1
534,739,1
534,740,1
534,741,1
534,742,1
534,743,1
534,744,1
534,745,1
534,746,1
534,747,1
534,748,1
535,717,1
535,718,1
535,719,1
535,720,1
535,721,1
535,722,1
535,723,1
535,724,1
535,725,1
535,726,1
535,727,1
535,728,1
535,729,1
535,730,1
535,731,1
535,732,1
535,733,1
535,734,1
535,735,1
535,736,1
535,737,1
535,738,1
535,739,1
535,740,1
535,741,1
535,742,1
535,743,1
535,744,1
535,745,1
535,746,1
535,747,1
535,748,1
536,718,1
536,719,1
536,720,1
536,721,1
536,722,1
536,723,1
536,724,1
536,725,1
536,726,1
536,727,1
536,728,1
536,729,1
536,730,1
536,731,1
536,732,1
536,733,1
536,734,1
536,735,1
536,736,1
536,737,1
536,738,1
536,739,1
536,740,1
536,741,1
536,742,1
536,743,1
536,744,1
536,745,1
536,746,1
536,747,1
537,719,1
537,720,1
537,721,1
537,722,1
537,723,1
537,724,1
537,725,1
537,726,1
537,727,1
537,728,1
537,729,1
537,730,1
537,731,1
537,732,1
537,733,1
537,734,1
537,735,1
537,736,1
537,737,1
537,738,1
537,739,1
537,740,1
537,741,1
537,742,1
537,743,1
537,744,1
537,745,1
537,746,1
538,721,1
538,722,1
538,723,1
538,724,1
538,725,1
538,726,1
538,727,1
538,728,1
538,729,1
538,730,1
538,731,1
538,732,1
538,733,1
538,734,1
538,735,1
538,736,1
538,737,1
538,738,1
538,739,1
538,740,1
538,741,1
538,742,1
538,743,1
538,744,1
538,745,1
538,746,1
539,723,1
539,724,1
539,725,1
539,726,1
539,727,1
539,728,1
539,729,1
539,730,1
539,731,1
539,732,1
539,733,1
539,734,1
539,735,1
539,736,1
539,737,1
539,738,1
539,739,1
539,740,1
539,741,1
539,742,1
539,743,1
539,744,1
539,745,1
540,723,1
540,724,1
540,725,1
540,726,1
540,727,1
540,728,1
540,729,1
540,730,1
540,731,1
540,732,1
540,733,1
540,734,1
540,735,1
540,736,1
540,737,1
540,738,1
540,739,1
540,740,1
540,741,1
540,742,1
540,743,1
541,724,1
541,725,1
541,726,1
541,727,1
541,728,1
541,729,1
541,730,1
541,731,1
541,732,1
541,733,1
541,734,1
541,735,1
541,736,1
541,737,1
541,738,1
541,739,1
541,740,1
541,741,1
541,742,1
542,724,1
542,725,1
542,726,1
542,727,1
542,728,1
542,729,1
542,730,1
542,731,1
542,732,1
542,733,1
542,734,1
542,735,1
542,736,1
542,737,1
542,738,1
542,739,1
542,740,1
542,741,1
542,742,1
543,724,1
543,725,1
543,726,1
543,727,1
543,728,1
543,729,1
543,730,1
543,731,1
543,732,1
543,733,1
543,734,1
543,735,1
543,736,1
543,737,1
543,738,1
543,739,1
543,740,1
543,741,1
544,725,1
544,726,1
544,727,1
544,728,1
544,729,1
544,730,1
544,731,1
544,732,1
544,733,1
544,734,1
544,735,1
544,736,1
544,737,1
544,738,1
544,739,1
545,725,1
545,726,1
545,727,1
545,728,1
545,729,1
545,730,1
545,731,1
545,732,1
545,733,1
545,734,1
545,735,1
545,736,1
545,737,1
545,738,1
545,739,1
546,726,1
546,727,1
546,728,1
546,729,1
546,730,1
546,731,1
546,732,1
546,733,1
546,734,1
546,735,1
546,736,1
546,737,1
546,738,1
547,728,1
547,729,1
547,730,1
547,731,1
547,732,1
547,733,1
547,734,1
547,735,1
547,736,1
548,731,1
548,732,1
548,733,1
569,715,3
569,716,3
570,712,3
570,713,3
570,714,3
570,715,3
570,716,3
570,717,3
570,718,3
570,719,3
570,720,3
571,710,3
571,711,3
571,712,3
571,713,3
571,714,3
571,715,3
571,716,3
571,717,3
571,718,3
571,719,3
571,720,3
571,721,3
571,722,3
571,723,3
571,726,3
572,709,3
572,710,3
572,711,3
572,712,3
572,713,3
572,714,3
572,715,3
572,716,3
572,717,3
572,718,3
572,719,3
572,720,3
572,721,3
572,722,3
572,723,3
572,724,3
572,725,3
572,726,3
572,727,3
572,728,3
572,729,3
573,709,3
573,710,3
573,711,3
573,712,3
573,713,3
573,714,3
573,715,3
573,716,3
573,717,3
573,718,3
573,719,3
573,720,3
573,721,3
573,722,3
573,723,3
573,724,3
573,725,3
573,726,3
573,727,3
573,728,3
573,729,3
573,730,3
573,731,3
573,732,3
573,736,3
573,738,3
573,740,3
573,745,3
573,748,3
574,708,3
574,709,3
574,710,3
574,711,3
574,712,3
574,713,3
574,714,3
574,715,3
574,716,3
574,717,3
574,718,3
574,719,3
574,720,3
574,721,3
574,722,3
574,723,3
574,724,3
574,725,3
574,726,3
574,727,3
574,728,3
574,729,3
574,730,3
574,731,3
574,732,3
574,733,3
574,734,3
574,735,3
574,736,3
574,737,3
574,738,3
574,739,3
574,740,3
574,741,3
574,742,3
574,743,3
574,744,3
574,745,3
574,746,3
574,747,3
574,748,3
574,749,3
574,750,3
574,751,3
574,752,3
574,754,3
574,757,3
574,759,3
574,762,3
574,763,3
574,764,3
574,765,3
575,708,3
575,709,3
575,710,3
575,711,3
575,712,3
575,713,3
575,714,3
575,715,3
575,716,3
575,717,3
575,718,3
575,719,3
575,720,3
575,721,3
575,722,3
575,723,3
575,724,3
575,725,3
575,726,3
575,727,3
575,728,3
575,729,3
575,730,3
575,731,3
575,732,3
575,733,3
575,734,3
575,735,3
575,736,3
575,737,3
575,738,3
575,739,3
575,740,3
575,741,3
575,742,3
575,743,3
575,744,3
575,745,3
575,746,3
575,747,3
575,748,3
575,749,3
575,750,3
575,751,3
575,752,3
575,753,3
575,754,3
575,755,3
575,756,3
575,757,3
575,758,3
575,759,3
575,760,3
575,761,3
575,762,3
575,763,3
575,764,3
575,765,3
575,766,3
575,767,3
575,768,3
576,708,3
576,709,3
576,710,3
576,711,3
576,712,3
576,713,3
576,714,3
576,715,3
576,716,3
576,717,3
576,718,3
576,719,3
576,720,3
576,721,3
576,722,3
576,723,3
576,724,3
576,725,3
576,726,3
576,727,3
576,728,3
576,729,3
576,730,3
576,731,3
576,732,3
576,733,3
576,734,3
576,735,3
576,736,3
576,737,3
576,738,3
576,739,3
576,740,3
576,741,3
576,742,3
576,743,3
576,744,3
576,745,3
576,746,3
576,747,3
576,748,3
576,749,3
576,750,3
576,751,3
576,752,3
576,753,3
576,754,3
576,755,3
576,756,3
576,757,3
576,758,3
576,759,3
576,760,3
576,761,3
576,762,3
576,763,3
576,764,3
576,765,3
576,766,3
576,767,3
576,768,3
576,769,3
576,770,3
577,707,3
577,708,3
577,709,3
577,710,3
577,711,3
577,712,3
577,713,3
577,714,3
577,715,3
577,716,3
577,717,3
577,718,3
577,719,3
577,720,3
577,721,3
577,722,3
577,723,3
577,724,3
577,725,3
577,726,3
577,727,3
577,728,3
577,729,3
577,730,3
577,731,3
577,732,3
577,733,3
577,734,3
577,735,3
577,736,3
577,737,3
577,738,3
577,739,3
577,740,3
577,741,3
577,742,3
577,743,3
577,744,3
577,745,3
577,746,3
577,747,3
577,748,3
577,749,3
577,750,3
577,751,3
577,752,3
577,753,3
577,754,3
577,755,3
577,756,3
577,757,3
577,758,3
577,759,3
577,760,3
577,761,3
577,762,3
577,763,3
577,764,3
577,765,3
577,766,3
577,767,3
577,768,3
577,769,3
577,770,3
577,771,3
578,708,3
578,709,3
578,710,3
578,711,3
578,712,3
578,713,3
578,714,3
578,715,3
578,716,3
578,717,3
578,718,3
578,719,3
578,720,3
578,721,3
578,722,3
578,723,3
578,724,3
578,725,3
578,726,3
578,727,3
578,728,3
578,729,3
578,730,3
578,731,3
578,732,3
578,733,3
578,734,3
578,735,3
578,736,3
578,737,3
578,738,3
578,739,3
578,740,3
578,741,3
578,742,3
578,743,3
578,744,3
578,745,3
578,746,3
578,747,3
578,748,3
578,749,3
578,750,3
578,751,3
578,752,3
578,753,3
578,754,3
578,755,3
578,756,3
578,757,3
578,758,3
578,759,3
578,760,3
578,761,3
578,762,3
578,763,3
578,764,3
578,765,3
578,766,3
578,767,3
578,768,3
578,769,3
578,770,3
578,771,3
579,707,3
579,708,3
579,709,3
579,710,3
579,711,3
579,712,3
579,713,3
579,714,3
579,715,3
579,716,3
579,717,3
579,718,3
579,719,3
579,720,3
579,721,3
579,722,3
579,723,3
579,724,3
579,725,3
579,726,3
579,727,3
579,728,3
579,729,3
579,730,3
579,731,3
579,732,3
579,733,3
579,734,3
579,735,3
579,736,3
579,737,3
579,738,3
579,739,3
579,740,3
579,741,3
579,742,3
579,743,3
579,744,3
579,745,3
579,746,3
579,747,3
579,748,3
579,749,3
579,750,3
579,751,3
579,752,3
579,753,3
579,754,3
579,755,3
579,756,3
579,757,3
579,758,3
579,759,3
579,760,3
579,761,3
579,762,3
579,763,3
579,764,3
579,765,3
579,766,3
579,767,3
579,768,3
579,769,3
579,770,3
579,771,3
579,772,3
580,708,3
580,709,3
580,710,3
580,711,3
580,712,3
580,713,3
580,714,3
580,715,3
580,716,3
580,717,3
580,718,3
580,719,3
580,720,3
580,721,3
580,722,3
580,723,3
580,724,3
580,725,3
580,726,3
580,727,3
580,728,3
580,729,3
580,730,3
580,731,3
580,732,3
580,733,3
580,734,3
580,735,3
580,736,3
580,737,3
580,738,3
580,739,3
580,740,3
580,741,3
580,742,3
580,743,3
580,744,3
580,745,3
580,746,3
580,747,3
580,748,3
580,749,3
580,750,3
580,751,3
580,752,3
580,753,3
580,754,3
580,755,3
580,756,3
580,757,3
580,758,3
580,759,3
580,760,3
580,761,3
580,762,3
580,763,3
580,764,3
580,765,3
580,766,3
580,767,3
580,768,3
580,769,3
580,770,3
580,771,3
580,772,3
581,708,3
581,709,3
581,710,3
581,711,3
581,712,3
581,713,3
581,714,3
581,715,3
581,716,3
581,717,3
581,718,3
581,719,3
581,720,3
581,721,3
581,722,3
581,723,3
581,724,3
581,725,3
581,726,3
581,727,3
581,728,3
581,729,3
581,730,3
581,731,3
581,732,3
581,733,3
581,734,3
581,735,3
581,736,3
581,737,3
581,738,3
581,739,3
581,740,3
581,741,3
581,742,3
581,743,3
581,744,3
581,745,3
581,746,3
581,747,3
581,748,3
581,749,3
581,750,3
581,751,3
581,752,3
581,753,3
581,754,3
581,755,3
581,756,3
581,757,3
581,758,3
581,759,3
581,760,3
581,761,3
581,762,3
581,763,3
581,764,3
581,765,3
581,766,3
581,767,3
581,768,3
581,769,3
581,770,3
581,771,3
581,772,3
582,708,3
582,709,3
582,710,3
582,711,3
582,712,3
582,713,3
582,714,3
582,715,3
582,716,3
582,717,3
582,718,3
582,719,3
582,720,3
582,721,3
582,722,3
582,723,3
582,724,3
582,725,3
582,726,3
582,727,3
582,728,3
582,729,3
582,730,3
582,731,3
582,732,3
582,733,3
582,734,3
582,735,3
582,736,3
582,737,3
582,738,3
582,739,3
582,740,3
582,741,3
582,742,3
582,743,3
582,744,3
582,745,3
582,746,3
582,747,3
582,748,3
582,749,3
582,750,3
582,751,3
582,752,3
582,753,3
582,754,3
582,755,3
582,756,3
582,757,3
582,758,3
582,759,3
582,760,3
582,761,3
582,762,3
582,763,3
582,764,3
582,765,3
582,766,3
582,767,3
582,768,3
582,769,3
582,770,3
582,771,3
582,772,3
582,773,3
583,709,3
583,710,3
583,711,3
583,712,3
583,713,3
583,714,3
583,715,3
583,716,3
583,717,3
583,718,3
583,719,3
583,720,3
583,721,3
583,722,3
583,723,3
583,724,3
583,725,3
583,726,3
583,727,3
583,728,3
583,729,3
583,730,3
583,731,3
583,732,3
583,733,3
583,734,3
583,735,3
583,736,3
583,737,3
583,738,3
583,739,3
583,740,3
583,741,3
583,742,3
583,743,3
583,744,3
583,745,3
583,746,3
583,747,3
583,748,3
583,749,3
583,750,3
583,751,3
583,752,3
583,753,3
583,754,3
583,755,3
583,756,3
583,757,3
583,758,3
583,759,3
583,760,3
583,761,3
583,762,3
583,763,3
583,764,3
583,765,3
583,766,3
583,767,3
583,768,3
583,769,3
583,770,3
583,771,3
583,772,3
584,709,3
584,710,3
584,711,3
584,712,3
584,713,3
584,714,3
584,715,3
584,716,3
584,717,3
584,718,3
584,719,3
584,720,3
584,721,3
584,722,3
584,723,3
584,724,3
584,725,3
584,726,3
584,727,3
584,728,3
584,729,3
584,730,3
584,731,3
584,732,3
584,733,3
584,734,3
584,735,3
584,736,3
584,737,3
584,738,3
584,739,3
584,740,3
584,741,3
584,742,3
584,743,3
584,744,3
584,745,3
584,746,3
584,747,3
584,748,3
584,749,3
584,750,3
584,751,3
584,752,3
584,753,3
584,754,3
584,755,3
584,756,3
584,757,3
584,758,3
584,759,3
584,760,3
584,761,3
584,762,3
584,763,3
584,764,3
584,765,3
584,766,3
584,767,3
584,768,3
584,769,3
584,770,3
584,771,3
584,772,3
585,710,3
585,711,3
585,712,3
585,713,3
585,714,3
585,715,3
585,716,3
585,717,3
585,718,3
585,719,3
585,720,3
585,721,3
585,722,3
585,723,3
585,724,3
585,725,3
585,726,3
585,727,3
585,728,3
585,729,3
585,730,3
585,731,3
585,732,3
585,733,3
585,734,3
585,735,3
585,736,3
585,737,3
585,738,3
585,739,3
585,740,3
585,741,3
585,742,3
585,743,3
585,744,3
585,745,3
585,746,3
585,747,3
585,748,3
585,749,3
585,750,3
585,751,3
585,752,3
585,753,3
585,754,3
585,755,3
585,756,3
585,757,3
585,758,3
585,759,3
585,760,3
585,761,3
585,762,3
585,763,3
585,764,3
585,765,3
585,766,3
585,767,3
585,768,3
585,769,3
585,770,3
585,771,3
585,772,3
586,711,3
586,712,3
586,713,3
586,714,3
586,715,3
586,716,3
586,717,3
586,718,3
586,719,3
586,720,3
586,721,3
586,722,3
586,723,3
586,724,3
586,725,3
586,726,3
586,727,3
586,728,3
586,729,3
586,730,3
586,731,3
586,732,3
586,733,3
586,734,3
586,735,3
586,736,3
586,737,3
586,738,3
586,739,3
586,740,3
586,741,3
586,742,3
586,743,3
586,744,3
586,745,3
586,746,3
586,747,3
586,748,3
586,749,3
586,750,3
586,751,3
586,752,3
586,753,3
586,754,3
586,755,3
586,756,3
586,757,3
586,758,3
586,759,3
586,760,3
586,761,3
586,762,3
586,763,3
586,764,3
586,765,3
586,766,3
586,767,3
586,768,3
586,769,3
586,770,3
586,771,3
587,713,3
587,714,3
587,715,3
587,716,3
587,717,3
587,718,3
587,719,3
587,720,3
587,721,3
587,722,3
587,723,3
587,724,3
587,725,3
587,726,3
587,727,3
587,728,3
587,729,3
587,730,3
587,731,3
587,732,3
587,733,3
587,734,3
587,735,3
587,736,3
587,737,3
587,738,3
587,739,3
587,740,3
587,741,3
587,742,3
587,743,3
587,744,3
587,745,3
587,746,3
587,747,3
587,748,3
587,749,3
587,750,3
587,751,3
587,752,3
587,753,3
587,754,3
587,755,3
587,756,3
587,757,3
587,758,3
587,759,3
587,760,3
587,761,3
587,762,3
587,763,3
587,764,3
587,765,3
587,766,3
587,767,3
587,768,3
587,769,3
587,770,3
587,771,3
588,716,3
588,717,3
588,718,3
588,719,3
588,720,3
588,721,3
588,722,3
588,723,3
588,724,3
588,725,3
588,726,3
588,727,3
588,728,3
588,729,3
588,730,3
588,731,3
588,732,3
588,733,3
588,734,3
588,735,3
588,736,3
588,737,3
588,738,3
588,739,3
588,740,3
588,741,3
588,742,3
588,743,3
588,744,3
588,745,3
588,746,3
588,747,3
588,748,3
588,749,3
588,750,3
588,751,3
588,752,3
588,753,3
588,754,3
588,755,3
588,756,3
588,757,3
588,758,3
588,759,3
588,760,3
588,761,3
588,762,3
588,763,3
588,764,3
588,765,3
588,766,3
588,767,3
588,768,3
588,769,3
588,770,3
589,720,3
589,721,3
589,722,3
589,724,3
589,727,3
589,729,3
589,732,3
589,736,3
589,738,3
589,739,3
589,740,3
589,741,3
589,742,3
589,743,3
589,744,3
589,745,3
589,746,3
589,747,3
589,748,3
589,749,3
589,750,3
589,751,3
589,752,3
589,753,3
589,754,3
589,755,3
589,756,3
589,757,3
589,758,3
589,759,3
589,760,3
589,761,3
589,762,3
589,763,3
589,764,3
589,765,3
589,766,3
589,767,3
589,768,3
590,741,3
590,743,3
590,746,3
590,749,3
590,751,3
590,752,3
590,754,3
590,757,3
590,759,3
590,762,3
590,763,3
590,764,3
590,765,3
